Pouted Online Lifestyle Magazine,"pouted.com
About Blog - An Online Lifestyle Magazine Featuring Latest Trends in Fashion, Interior Designs, Home Decorations, Gift Ideas and More.
Frequency - about 5 posts per week","",""
"A Cup of Jo - Style, Culture, Motherhood, Travel, Food & Life","cupofjo.com
About Blog - A Cup of Jo is a daily blog written by Joanna Goddard, a magazine writer who lives in New York City. The award-winning blog covers fashion, beauty, design, food and parenting. Joanna writes honest personal stories about relationships and motherhood, as well as featuring home makeovers, hair tutorials and weekly recipes. She lives in Manhattan with her bearded husband and two noisy children.
Frequency - about 8 posts per week","",""
"Conscious Lifestyle Magazine | The Mind Body Spirit Magazine, Evolved.","consciouslifestylemag.com
California
About Blog - Conscious Lifestyle Magazine’s vision is to help people live happier, more fulfilling lives with greater awareness of themselves and the world around them. We offer a platform for the world’s leading thinkers, philosophers and leaders to share their knowledge, wisdom and passion with a hungry global community who wishes to create a positive now and future.
Frequency - about 2 posts per week","",""
"Camille Styles - A Healthy Life, Well Styled","camillestyles.com
About Blog - Discover a fresh approach to style through fun ideas for the wardrobe and home. Try delicious market-fresh recipes that are perfect for dinner tonight. Take advice from inspiring influencers on health, fitness, fashion, beauty, and professional goals at a site that views every aspect of clean living through a glamorous lens.
Frequency - about 19 posts per week","",""
Corporette - A work fashion blog,"corporette.com
New York, NY
About Blog - Corporette is a fashion and lifestyle blog for women lawyers, bankers, MBAs, consultants, and otherwise overachieving chicks who want to look professional but still be fashionable.
Frequency - about 15 posts per week","",""
Vulcan Post - Top Tech Lifestyle Blog,"vulcanpost.com
About Blog - Vulcan Post is where you find news about technology and products that affect your daily lifestyle. We aim to add a human element to technology and discuss how technology is slowly changing our daily interactions with one another.
Frequency - about 28 posts per week","",""
Quintessence - Lifestyle blog | Living Well with Style and Substance,"quintessenceblog.com
About Blog - Quintessence lifestyle blog, by Stacey Bewkes, is a discriminating guide to the beautiful, interesting and distinctive. From art and architecture, interiors and design, fashion and jewelry to books and movies, food and wine, travel and more, Quintessence has become a trusted source for well-researched original content in the online world.
Frequency - about 3 posts per week","",""
The Blonde Salad By Chiara Ferragni,"theblondesalad.com
Italy
About Blog - The Blonde Salad is much more than a blog today , it’s a real source of inspiration and style for millions people in Italy and around the world. Chiara Ferragni collaborates today with the major Fashion Houses, she appears in the most read magazines, she is the creative director of her shoe line which is entirely Made in Italy and she has been named by Business of Fashion as one of the most influential personalities.
Frequency - about 15 posts per week","",""
The Skinny Confidential,"theskinnyconfidential.com
About Blog - The Skinny Confidential is a book & lifestyle blog written by Lauryn Evarts. Lauryn Evarts is an influencer & the creative director behind The Skinny Confidential. It represents the movers, the shakers, and the ones who without a doubt want to be the best damn version of themselves.
Frequency - about 6 posts per week","",""
Goop by Gwyneth Paltrow,"goop.com
About Blog - A modern lifestyle brand, offering cutting-edge wellness advice from doctors and experts, vetted travel recommendations, and a curated shop of clean beauty and timeless fashion.Gwyneth Paltrow an American actress, singer, and food writer shares her love of cooking, fitness, travel and more with her blog.
Frequency - about 15 posts per week","",""
The Blonde Abroad • Female Travel & Lifestyle Blog,"theblondeabroad.com/blog
About Blog - The Blonde Abroad is an award-winning solo female travel & lifestyle blog featuring travel tips, fashion, festivals and photography from around the world.
Frequency - about 3 posts per week","",""
Primer | Men's Magazine | Lifestyle of the Millennial Man,"primermagazine.com
About Blog - Men’s lifestyle magazine for post-college guys in their 20s. Affordable style, self-development, how-to’s, career advice, and reclaiming manliness.
Frequency - about 2 posts per week","",""
MyDeal Blog,"mydeal.com.au/blog/category/..
Melbourne, Victoria, Australia
About Blog - Australia’s one stop retailer for thousands of essentials & in demand products at discount prices online from leading brands. Furniture, Appliances, Beauty, Health & more shipping Australia wide!
Frequency - about 11 posts per week","",""
Wit & Delight - A Lifestyle Blog,"witanddelight.com
About Blog - Wit & Delight was created in late 2008 while Kate was working as a graphic designer in Minneapolis, Minnesota. The name “Wit & Delight” was derived from Kate’s experience of discovering and developing her own personal style – “Wit” is a sharpness and quirkiness to the process, while “Delight” is finding the joy and the humor throughout each step.
Frequency - about 5 posts per week","",""
The Jungalow | A Bohemian Lifestyle blog by Justina BlakeneyThe Jungalow,"thejungalow.com
About Blog - By Justina Blakeney and Co. Where decorating is about feeling free, having fun, and getting a little bit wild!
Frequency - about 3 posts per week","",""
"Julie Blanner - a Lifestyle, Home and Entertaining Blog","julieblanner.com
About Blog - A lifestyle blog filled with beautiful and functional home decor, effortless entertaining ideas, thoughtful diy gifts and recipes you'll want to make again and again.
Frequency - about 2 posts per week","",""
"Hannah Gale - UK Fashion, Beauty & Lifestyle Blog","hannahgale.co.uk
London/Ipswich
About Blog - A fashion, beauty and lifestyle blog run by digital journalist Hannah Gale. This blog is a place to make you feel a bit like you have an invisible best friend, make you laugh until you could do an accidental wee, and make you do all of the feels every once in a while.
Frequency - about 3 posts per week","",""
Forever Amber | UK Fashion and Lifestyle Blog,"foreveramber.co.uk
UK
About Blog - Forever Amber is a UK fashion blog and Scottish lifestyle blog by Amber McNaught. Featuring outfit posts, beauty product reviews , lifestyle advice and more.
Frequency - about 5 posts per week","",""
Akanksha Redhu,"akanksharedhu.com
About Blog - Hey! I’m Akanksha, I started this blog somewhere in 2010 as an interesting means of noting, chronicling and expressing my ideas, projects, inspirations and daydreams. It has constantly evolved ever since and become more fashion & lifestyle oriented.
Frequency - about 2 posts per week","",""
"Hej Doll – travel blogger, lifestyle blog, and personal style","hejdoll.com
About Blog - California Travel, Life, and Style Blogger | Travel Blog | Lifestyle Blog | Fashion Blog. Hej Doll (HI DOLL) Is a Travel, Life, & Style Blog Inspired By The Simple Modern Luxuries Found In California And Beyond.
Frequency - about 2 posts per week","",""
"Ape to Gentleman - Men's Grooming, Fashion & Lifestyle","apetogentleman.com
United Kingdom
About Blog - An online men's grooming, fashion and lifestyle magazine helping modern man continue his evolution through a focus on style, quality and value.
Frequency - about 13 posts per week","",""
Pumps & Iron | A healthy lifestyle blog.,"pumpsandiron.com
Boston, MA
About Blog - A healthy lifestyle blog sharing workouts, nutritious recipes, fashion ideas and everything in between.
Frequency - about 2 posts per week","",""
skinnedcartree - A UK Lifestyle Blog,"skinnedcartree.com
About Blog - Blogger, idiot, and co-founder of #socialbloggers chat. Lifestyle, fitness and tech.
Frequency - about 7 posts per week","",""
SAZAN,"sazan.me
About Blog - A lifestyle blog uncovering fashion, beauty, travel, relationships and fitness.
Frequency - about 2 posts per week","",""
LADYGUNN,"ladygunn.com
About Blog - Life and style magazine with emerging talent, indie scene, new music, art news, new fashion trends, love and fun.
Frequency - about 9 posts per week","",""
The Fresh Exchange | A Design & Lifestyle Blog,"thefreshexchange.com
About Blog - The Fresh Exchange Blog is the design and lifestyle blog of Mike & Megan Gilger. You might find posts about trends, style, fashion, travel, design, interiors, food recipes, and health. We call Raleigh, North Carolina & Traverse City, Michigan, home.
Frequency - about 3 posts per week","",""
"Coco's Tea Party | Fashion, Beauty and Lifestyle Blog","cocosteaparty.com
London
About Blog - Coco's Tea Party is a British fashion and lifestyle blog dedicated to providing attainable style inspiration for fashionable Women. It is a leading lifestyle blog providing attainable style inspiration for fashion-savvy young professionals. This blog covers fashion, beauty, skincare, makeup, living and more for women.
Frequency - about 4 posts per week","",""
Among Other Things,"amongotherthings.com
About Blog - A Daily Dose of Fitness Motivation & Style Inspiration.Among Other Things offers antique furniture and home accessories, local artwork, interior design services and art classes.
Frequency - about 2 posts per week","",""
Katie Did What - Lifestyle Blog | Family | Fitness | Faith,"katiedidwhat.com
About Blog - A lifestyle blog about being married, raising kids, faith, fitness and more.
Frequency - about 4 posts per week","",""
Gorgeous In Grey,"gorgeousingrey.com
New York
About Blog - Gorgeous In Grey is a beauty and lifestyle guide dedicated to inspiring women to embrace their authentic selves.
Frequency - about 2 posts per week","",""
Dallas Wardrobe By Amy Havins,"dallaswardrobe.com
Dallas, Texas
About Blog - Amy Havins is a Fashion & Lifestyle Blogger as well as a Style Consultant. She has always loved all things that are beautiful and stylish. She loves to travel, shop, drink champagne, spin, and most importantly spend time with her sweet husband Wade and their puppies.
Frequency - about 3 posts per week","",""
Where's Mollie - A UK Travel and Lifestyle Blog,"wheresmollie.com/blog
About Blog - A UK Travel and Lifestyle Blog. Blog by Mollie.
Frequency - about 3 posts per week","",""
Retro Flame,"retro-flame.com
New York
About Blog - Retro Flame is an NYC-based Fashion & Lifestyle Blog created by Erika Fox. It is a compact diary of her outfits, travels, work & daily NYC life.
Frequency - about 2 posts per week","",""
Poppy Loves :: London Lifestyle Blog,"poppyloves.co.uk
London
About Blog - A London lifestyle blog full of food, fashion, culture, craft, design and fun and frolics...
Frequency - about 2 posts per week","",""
Life of Trends - Lifestyle,"lifeoftrends.com/lifestyle
About Blog - Life of Trends is a global source for trending news and entertainment. By engaging with our audience and creating shareable content, our aim is to inspire, inform, and make it easier to be in the know. At Life of Trends, everything trendy is one one place.
Frequency - about 3 posts per week","",""
Rock My Style | UK Daily Lifestyle Blog,"rockmystyle.co.uk
About Blog - Rock My Style is a UK lifestyle blog featuring home interiors, stylish home tours, fashion and beauty. Lust for {a stylish} life.
Frequency - about 5 posts per week","",""
A PIECE of TOAST // Texas Lifestyle Fashion Blog,"apieceoftoastblog.com
About Blog - This blog is a place where the simple things in life are just as grand as the finer things. The content is for fun and inspiration. The blog authors vow to post with honesty, humor, and a true sense of self in hopes to hold your attention and keep you coming back for more.
Frequency - about 4 posts per week","",""
Northern Life Magazine,"northernlifemagazine.co.uk
About Blog - Celebrating northern culture and heritage, Northern Life is unlike other local lifestyle publications and is a magazine for the people by the people...
Frequency - about 8 posts per week","",""
The LDN Diaries - London Lifestyle Blog UK,"theldndiaries.com
London
About Blog - The LDN Diaries is a UK lifestyle blog covering fashion, beauty, food and travel for men and women.
Frequency - about 2 posts per week","",""
Capital Lifestyle,"capitalfm.co.ke/lifestyle
About Blog - Capital Fm provides the latest Kenyan news & Breaking News,the best Mix Of Music, Business & Technology, Sports, Lifestyle & much more.
Frequency - about 34 posts per week","",""
Revolutionary Lifestyle Design - Personal Development For Men,"revolutionarylifestyledesign..
About Blog - Home to the most effective, applicable, results-based, personal development strategies for men. Learn how to design a revolutionary lifestyle on your terms.
Frequency - about 1 posts per week","",""
Sunday Chapter | Travel and Lifestyle Blog,"thesundaychapter.com
About Blog - Travel and lifestyle blog with tips and inspiration for travel, style, beauty & wellness by Australian blogger, Angela Giakas.
Frequency - about 4 posts per month","",""
Positively Present,"positivelypresent.com
About Blog - Being ""positively present"" means living in the moment while focusing on the positive in every situation, and that's exactly what Positively Present strives to help you do. Inspiring others to make the most of every moment.
Frequency - about 2 posts per week","",""
Get Busy Living | Helping and Inspiring You to Live an Epic Life,"getbusylivingblog.com
About Blog - Helping and Inspiring You to Live an Epic Life. A community of people looking to live an exciting life. We don't want to be average. We do what unsuccessful people are unwilling to do. We're mover and shakers.
Frequency - about 2 posts per month","",""
THIRTEEN THOUGHTS - Beauty and lifestyle blog,"thirteenthoughts.com
About Blog - Thirteen Thoughts is a beauty and lifestyle blog. Beauty lifestyle blogger Paula. You are meant to have an amazing life.
Frequency - about 3 posts per week","",""
AfroCosmopolitan - No.1 Black & Afrocentric Online Magazine #AfricanFashion #BlackLifestyle,"afrocosmopolitan.com
About Blog - No.1 Black & Afrocentric Online Magazine | Bringing you News, Entertainment, Fashion, Lifestyle & More!
Frequency - about 3 posts per week","",""
HBFIT — Health. Beauty. Fitness,"hbfit.com
New York, NY
About Blog - The latest news, tips and photos on Health, Fitness and Beauty by Hannah Bronfman, a Native New Yorker, DJ, Health and Wellness enthusiast.
Frequency - about 5 posts per week","",""
Crystalin Marie | Portland Fashion and Lifestyle Blog,"crystalinmarie.com
San Jose, California
About Blog - Crystalin Marie is a fashion and lifestyle destination that covers topics related to fashion, personal style, and bits and pieces of Crystalin's life.
Frequency - about 4 posts per week","",""
Jess Ann Kirby,"jessannkirby.com
About Blog - A New England based fashion, travel and lifestyle blog inspiring readers to live in an #oceanstateofmind.
Frequency - about 5 posts per week","",""
Lifestyle of a Professional - Lifestyle Parenting Travel Stories,"lifestyleproblog.me
About Blog - Lifestyle blog of a working mother. Read about professional life, beauty, parenting, travel and short stories.
Frequency - about 1 posts per week","",""
Inspirations & Celebrations - Lifestyle Guide,"inspirationsandcelebrations.net
About Blog - Inspirations & Celebrations is a lifestyle guide featuring fashion trends & style advice, health & beauty tips, home & entertaining, travel, and more.
Frequency - about 3 posts per week","",""
"Urban Swank | Houston Food, Beauty, and Lifestyle Blog","urbanswank.com
About Blog - Houston lifestyle blog covering food, beauty, travel, and fashion. Named ""Best Food Blog"" by the Houston Press. Experience something new! Whether that’s a under-the-radar restaurant, a “trust us” Korean beauty product, or a hot accessory of the moment, we want to inspire people from all ""urban"" cities to get their ""swank"" on.
Frequency - about 3 posts per week","",""
Kotryna Bass | Lifestyle Blog Entrepreneur Blogging Tips,"kotrynabass.com/blog
About Blog - Empowering young creatives to make beautiful things happen online.
Frequency - about 1 posts per week","",""
Katherine Schwarzenegger - Lifestyle On Your Terms,"katherineschwarzenegger.com
About Blog - KatherineSchwarzenegger.com is the online hub for author and blogger, Katherine Schwarzenegger. From recipes and reviews, to advice and inspiration, Katherine shares her thoughts on navigating through life, post-college.
Frequency - about 3 posts per week","",""
A Rosie Outlook | UK Fashion and Lifestyle Blog,"arosieoutlook.com/search/lab..
About Blog - Fashion and lifestyle blog based in Southampton that features life and style - travel, health, fitness, eating out, outfit posts, high street fashion, recipes and everything in between.
Frequency - about 1 posts per week","",""
Not Your Standard,"notyourstandard.com
Toronto
About Blog - Not Your Standard is a fashion, lifestyle, food and decor blog by fashion blogger Kayla Seah. Her flare and minimalistic approach to design and style is what draws in her audience and makes her looks achievable.
Frequency - about 2 posts per week","",""
"Cocochic | UK Fashion, Beauty & Lifestyle Blog","cocochicblog.co.uk/blog
CORNWALL, UK
About Blog - UK Fashion & Beauty blog featuring daily outfits, trends, shopping tips, design inspiration, photography makeup and more.
Frequency - about 3 posts per month","",""
Love & Loathing Los Angeles,"loveandloathingla.com
About Blog - A lifestyle blog by Caroline Juen based in the City of Angels.
Frequency - about 2 posts per week","",""
Treasures & Travels| Lifestyle Blog by Tegan & Lindsay,"treasuresandtravelsblog.com
About Blog - A Vancouver based lifestyle blog filled with daily DIY, Style, Recipe, Hair Tutorials, and Beauty posts. Let 3 creative girls share they're favourite things with you.
Frequency - about 2 posts per week","",""
Side Street Style,"sidestreetstyle.com
About Blog - A South African expat living in Cardiff and exploring all that Wales and the rest of the world has to offer. Sharing my passion for travel, good interiors, love of the outdoors, ethical city living, beautiful design and green parenting. Freelance writer, professionally trained photographer, award winning blogger.
Frequency - about 3 posts per week","",""
"Obindigbo | Iconic Igbo Fashion, Cultural, & Lifestyle Magazine","obindigbo.com.ng
About Blog - Obindigbo is an Iconic Igbo Fashion, Cultural, & Lifestyle Magazine providing insights into the Nigerian Igbo Tribe, Culture, Language, Religion, Music, Movies, Names, Food, Translation, News, People, Weddings etc
Frequency - about 4 posts per week","",""
I Want You To Know By Kristabel Plummer,"iwantyoutoknow.co.uk
London
About Blog - I Want You To Know is a fashion blog which focuses on shopping, outfits and lifestyle in London. Think of this page as a resource for things that don't fit onto the blog. Kristabel posts random bits she has found to connect the dots between her posts.
Frequency - about 2 posts per week","",""
"Lela London - Travel, Food, Fashion, Beauty and Lifestyle Blog","lelalondon.com
London
About Blog - Fashion blog, beauty blog, lifestyle blog - exclusive content from your friendly neighborhood industry insider!
Frequency - about 2 posts per week","",""
"Lifestyle Fifty - Fashion, Beauty, Travel, Lifestyle.","lifestylefifty.com
About Blog - Hop on board the Lifestyle Fifty train as we discover ways to help us stay fit, stylish and healthy as we get older.
Frequency - about 3 posts per week","",""
Avenue Lifestyle,"avenuelifestyle.com
About Blog - Avenue is a lifestyle blog that documents inspirational style, interiors, food and lifestyle finds. Stop by and take a peek! Avenue Lifestyle is a place that aims to inspire its readers with lovely spaces, products and ideas for a creative lifestyle.
Frequency - about 2 posts per month","",""
Simple et Chic – Fashion & Lifestyle Blog,"simple-et-chic.de/en
About Blog - Simple et Chic is a place for young women in their twenties, who are looking for inspiring lifestyle and travel reports, the latest fashion trends, career advice and healthy food tips. Valerie’s aim is to inspire young woman to live an active, healthy and mindful life and enjoy every single moment of it.
Frequency - about 1 posts per week","",""
eat.sleep.wear.,"eatsleepwear.com
LA NYC
About Blog - eat/sleep/wear is the personal style blog of Kimberly Lapides. It’s a place that celebrates personal style, photography, and everyday inspirations of fashion.
Frequency - about 2 posts per week","",""
"Juggling Family Life - A lifestyle, family travel, and wellness blog","jugglingfamilylife.com
About Blog - Juggling Family Life is a lifestyle blog leveraging the power of storytelling to bring great content centered around family life, travel, & wellness.
Frequency - about 2 posts per week","",""
Becca Tilley | A Lifestyle & Travel Blog,"beccatilleyblog.com
About Blog - Consumed by wanderlust and seeking the next adventure, Becca Tilley’s online destination provides a roundtrip ticket into her life. BeccaTilleyBlog.com is an inspirational editorial platform sharing travel, style, and beauty for the modern consumer.
Frequency - about 2 posts per week","",""
"The Kentucky Gent | Personal Style, Food, Cocktails, and Travel with a Kentucky Twist | Top Lifestyl","thekentuckygent.com
About Blog - Men's lifestyle blogger with a love for affordable fashion, good food, strong drinks, and living the good life.
Frequency - about 3 posts per week","",""
"Rosalilium | UK Lifestyle Blog | Wellbeing, Food, Travel, Interiors and Style","rosalilium.com
About Blog - UK Lifestyle blog from award-winning blogger Elizabeth Sellers. Food, fashion, beauty, vintage and travel. Rosalilium is a place to share Elizabeth's path to a positive and intentional lifestyle with a focus on wellbeing in all aspects of life.
Frequency - about 1 posts per week","",""
Rebecca Judd Loves - Melbourne Lifestyle & Fashion Blogger,"rebeccajuddloves.com
About Blog - Rebecca Judd is a mother, wife, model, tv presenter and speech pathologist. This page is to share all of the info she loves from her blog.
Frequency - about 2 posts per week","",""
Alicia Fashionista,"aliciafashionista.com
Vancouver, Canada
About Blog - Alicia Fashionista is a place for the everywoman who loves to travel, sees beauty in the ordinary, and believes that confidence is the best accessory.
Frequency - about 2 posts per week","",""
THE F · LIFESTYLE BLOG,"the-f.com.au
About Blog - THE F is a LIFESTYLE BLOG. We take good ideas and great things happening in food, entertainment, lifestyle and fashion and bring it to www.the-f.com.au.
Frequency - about 13 posts per week","",""
Kate Waterhouse Fashion & Lifestyle Blog,"katewaterhouse.com
Sydney
About Blog - Kate is a journalist, media personality, television presenter, radio talent and columnist for The Sun-Herald. In 2013 Kate started her popular fashion, lifestyle and personal style blog katewaterhouse.com where she reports on fashion, trends, beauty, lifestyle as well as featuring candid celebrity interviews.
Frequency - about 6 posts per week","",""
Happy Fit Mama,"happyfitmama.com
About Blog - One busy twin mama, running the happy fit life.
Frequency - about 3 posts per week","",""
Blaber Blogger,"blaberblogger.com
About Blog - BlaberBlogger.com I basically blog about travels, entertainment, movies and music reviews, social network, internet, gadgets and local stuffs. So basically its a mixed bag blog.
Frequency - about 1 posts per week","",""
"2 Cats and Chloe - Healthy Food, Great Views and Creative Living!","2catsandchloe.com
About Blog - A blog about life, traveling, Paleo foods, crafting, wine, decorating, 2 rescue cats, a border collie named Chloe, friends, family, and random adventures.
Frequency - about 1 post per month","",""
"Social Lifestyle Magazine | Fashion, Dining & Entertainment","socialifestylemag.com
About Blog - Social Lifestyle Magazine is all about the Fashion, Dining, Health, Beauty, Travel, Culture, Parties, Beauty, Relationships, Inspiration & Entertainment.
Frequency - about 8 posts per week","",""
Red Carpet Bay Area,"redcarpetsf.com
San Francisco
About Blog - Lifestyle, fashion and philanthropy in the Bay Area by MBL Media Productions, a public relations, promotions and communications company.
Frequency - about 2 posts per week","",""
Candy Pop | UK Lifestyle Blog,"candypop.uk.com
About Blog - Candy Pop is an award-winning lifestyle blog sharing simple ways to inspire your everyday.
Frequency - about 3 posts per month","",""
Champagne Lifestyle,"champagnelifestyleblog.com
OC, California
About Blog - Hi there! I'm Hannah, and welcome to my little corner of the internet. A fashion, beauty & lifestyle blog focused on celebrating all sorts of little luxuries in life, without breaking the bank. Smart fashion tips, beauty advice, and more!
Frequency - about 2 posts per week","",""
Lifestyle Magazine FL,"lmgfl.com
About Blog - Lifestyle Magazine covers all the latest trends in South Florida with news and articles on fashion, dining, real estate, beauty, and style throughout the area.
Frequency - about 6 posts per week","",""
Blare June,"blarejune.com
About Blog - Lifestyle blog with a focus on fashion, mental health and empowerment. Blare June is a curated online destination for fashion, travel and meaningful discussion on both mental and physical health.
Frequency - about 2 posts per week","",""
Scout The City By Sai De Silva,"scoutthecity.com
NYC
About Blog - A fashionable kids Lifestyle Blog. Sai De Silva is a Professional Chatter box, Curly Haired lifestyle blogger, spell check dependent, toddler owner and head honcho of Scout The City. This blog is solely based on kiddie fashion, city life and inspiration but Sai might make a few cameo appearances here and there.
Frequency - about 2 posts per week","",""
"Vintage Frills – Fashion, Beauty and Lifestyle with a Vintage Twist","vintage-frills.com
About Blog - A blog about vintage, fashion, home and beauty, with a bit of baking too! Mum to two girls. A blog by Catherine.
Frequency - about 2 posts per week","",""
"A Girl, A Style | The Rose-Tinted Dreamworld of Miss B","agirlastyle.com
About Blog - The miscellaneous stylish and sartorial musings of an Australian-English girl living in London and Cambridge. A Girl, A Style Freelance fashion, lifestyle and beauty writer.
Frequency - about 1 post per month","",""
"Be Healthy Now - UK Healthy Lifestyle Blog, Healthy Living Tips","behealthynow.co.uk
Staffordshire, UK
About Blog - UK health blog helping you to lead a healthier lifestyle. Health articles, healthy recipes, nutrition, fitness and natural beauty posts.
Frequency - about 2 posts per week","",""
Meet at the Barre,"meetat-thebarre.com
About Blog - Florida lifestyle blog with a focus on fashion, fitness, barre and travel. Florida Blogger with an eye for detail and healthy living.
Frequency - about 3 posts per week","",""
"MELISASource: Health, Family, and Current Events for the Positive Lifestyle","melisasource.com
About Blog - MELISASource.com is your source for health, family, and current events for the positive lifestyle. Featuring information and personal articles on health, family, entertainment, and more.
Frequency - about 4 posts per week","",""
"PattyLaurel.com – A lifestyle blog by Patty Laurel, Manila, Philippines","pattylaurel.com
About Blog - PattyLaurel.com - A lifestyle blog by Patty Laurel, Manila, Philippines
Frequency - about 1 posts per week","",""
Blue Perk by Freddy Rodriguez | Lifestyle Blog,"blueperk.net
About Blog - Freddy Rodriguez is the blogger behind the popular menswear site, Blue Perk.
Frequency - about 2 posts per month","",""
Om & The City - A Yoga Lifestyle Blog by Jules,"omandthecityblog.com
About Blog - Wellness Lifestyle Blog written by Jules
Focused on yoga, natural skincare, real food, inspiration, wanderlust and a real approach to balanced living.
Frequency - about 3 posts per month","",""
bright and beautiful | Chicago Fashion Lifestyle Blog,"brightandbeautifulblog.com
About Blog - Welcome to bright and beautiful, a Chicago fashion and lifestyle blog. Written by Laura Platt. Lifestyle blog celebrating fashion, beauty and everyday inspiration.
Frequency - about 2 posts per week","",""
Adventure Mummy - A Travel and Lifestyle Blog,"adventuremummy.com
About Blog - Adventure Mummy is a UK blog focusing on travel, lifestyle and parenting.
Frequency - about 1 post per month","",""
All - Life Style Justice,"lifestylejustice.com
About Blog - Exploring social justice and ethical living in everyday life.
Frequency - about 4 posts per month","",""
Sofia Clara | a Swiss lifestyle blog,"sofiaclara.com
About Blog - A Swiss lifestyle blog focused on creating a happy handmade home: scrumptious recipes, easy DIY decor ideas for your home and general lifestyle tips.
Frequency - about 2 posts per month","",""
Jecinta Amaka,"jecintaamaka.com/category/li..
Abuja, Nigeria
About Blog - To inspire both singles and married through helpful tips that can help them have a successful relationships and marriages respectively. To establish problems-free marriages and relationships through sharing of helpful tips that will analyze the common problems faced and practical solutions.
Frequency - about 1 post per month","",""
Denver Darling | Lifestyle Fashion Blog By Abby Miller,"denverdarling.com
Denver
About Blog - Denver Darling is a Denver-based lifestyle and fashion blog. A girl's go-to guide to life, style and fun in the Mile High City - bringing big city style to Denver's laid back way of life. Focused and committed to bringing the latest in affordable fashion and stylish trends to you.
Frequency - about 1 posts per week","",""
SkinnyGirlDiariez,"skinnygirldiariez.com
Bengaluru, Karnataka, India
About Blog - This blog is a reflection of who I am and my lifestyle and everything in between. All opinions expressed are mine and in no way represent the places or people I review.
Frequency - about 4 posts per month","",""
Melbourne Lifestyle Blog by Emilia Rossi,"emiliarossi.com.au
About Blog - Melbourne Lifestyle Blog - voted Top 5 Melbourne Blogger. Covering events, food, business, travel & fashion. Join my journey to live an extraordinary life!
Frequency - about 2 posts per month","",""
Lifestyle Over Luxury - Lifestyle's Blog,"lifestyleoverluxury.com/blog..
About Blog - The dopest adventure travel lifestyle blog on the net. Get in for some surf, skate, sex, snow and updates on the best gear for it around.
Frequency - about 1 post per month","",""
Wanderwings - Searching for the Small Big Things in Life,"wanderwings.com
About Blog - Multi-language off-season travel blog & vlog searching for memorable experiences and the small big things in life.
Frequency - about 1 post per month","",""
The Awkward Blog | A London & UK Lifestyle Blog,"theawkwardblog.com
About Blog - A home design loving, red shoe wearing, gig going, Barefoot Contessa cooking, DIY walking disaster- silly ol' jelly bean. Blogger | Life | Style | Food | Photographer | London | Sometimes I travel & wear pretty things. A blog by Angela.
Frequency - about 1 posts per week","",""
This Magnificent Life,"thismagnificentlife.com
About Blog - This Magnificent Life is a luxury digital magazine dedicated to the magnificent things in life...Great places, wonderful food, spectacular views, incredible people...whatever makes life, anywhere on the planet, magnificent!
Frequency - about 2 posts per week","",""
Joy Lynn | Lifestyle Blog,"joylynnlifestyle.com
About Blog - A lifestyle blog centered around living simply, adventuring daily, strong marriage, home improvements, and creating a life filled with lessons learned and grateful hearts.
Frequency - about 2 posts per week","",""
LifeBlender - Blend Your Life Smartly,"lifeblender.com
About Blog - LifeBlender is a lifestyle blogazine dedicated towards uplifting and guiding people across the world to lead a fit, healthy and beautiful lifestyle. At LifeBlender, we understand that because of busy routines embedded into the lives, most of us are not able to take out time for ourselves.
Frequency - about 1 post per month","",""
She's Charming - A Lifestyle Blog,"shescharming.com
About Blog - Living authentically in the Pacific Northwest.
Frequency - about 168 posts per week","",""
Zerxza | Lifestyle - Fashion - Food - Home - Love | Your Trend Hub,"zerxza.com
About Blog - Zerxza is a website for all women. We share guidelines, tips & tricks, thoughts and news about anything that relates to our daily lives. Fashion, children, home, travel, relationships - whatever the topic is, we are covering it!
Frequency - about 5 posts per week","",""
The Menads | A Reflection Of What's Inside | Lifestyle and Stuff,"themenads.com
About Blog - he Menads is your LifeStyle, Entertainment, Travel, Fashion website. We provide you with the latest information and videos straight from The world.
Frequency - about 1 posts per week","",""
The Tasteful Me,"thetasteful.me
About Blog - A lifestyle blog: Austin TX, food, fashion, travel, style, outfits, cooking, baking, eating, DIYs, wedding, shenanigans, and all that jazz!
Frequency - about 1 post per month","",""
Aspire,"aspire123.com
About Blog - We primarily focus on topics such as healthy thought patterns, optimal eating, meditation, yoga, tai chi, and other forms of lifestyle design. We also explore how to live a more ecological and thrifty lifestyle. We are laser focused on making positive change in our own lives and the world immediately around us.
Frequency - about 2 posts per week","",""
Largest E-commerce Portal,"soniyasen.blogspot.com
About Blog - Find the latest tips, Gadget updates, fashion updates and online shopping ideas.
Frequency - about 1 posts per week","",""
